[{"typeElement":"Probleme","abscisse":"35.017488632388925vw","ordonnee":"6.299361664917803vw","libelle":"","listeDonnes":[""],"listeResultats":[""],"enfants":[{"typeElement":"StructureIterativeNonBornee","abscisse":"48.0237845400489vw","ordonnee":"11.997201818817757vw","enfants":[{"typeElement":"Probleme","abscisse":"25.04896817068909vw","ordonnee":"17.631995452955618vw","libelle":"","listeDonnes":[""],"listeResultats":[""],"enfants":[]},{"typeElement":"StructureSi","abscisse":"52.194123819517294vw","ordonnee":"17.520111927247306vw","conditions":[{"typeElement":"Condition","libelle":"conditionA","enfants":[{"typeElement":"ConditionSortie","abscisse":"55.194123819517344vw","ordonnee":"22.66002098635886vw"}]}]}]}]},{"typeElement":"DictionnaireDonnee","contenu":{}}]