[
  {
    "typeElement": "Probleme",
    "abscisse": "12.777777777777766vw",
    "ordonnee": "9.497076023391822vw",
    "libelle": "Échanger",
    "listeDonnes": ["valeur1", " valeur2\n\n"],
    "listeResultats": ["valeur1", " valeur2\n\n"],
    "enfants": [
      {
        "typeElement": "Probleme",
        "abscisse": "0.7295850066934709vw",
        "ordonnee": "18.10292800273773vw",
        "libelle": "copieValeur1 <- valeur 1",
        "listeDonnes": [""],
        "listeResultats": [""],
        "enfants": []
      },
      {
        "typeElement": "Probleme",
        "abscisse": "12.60566073819089vw",
        "ordonnee": "17.98818330967983vw",
        "libelle": "valeur1 <- valeur2",
        "listeDonnes": [""],
        "listeResultats": [""],
        "enfants": []
      },
      {
        "typeElement": "Probleme",
        "abscisse": "24.02275769745647vw",
        "ordonnee": "18.045555656208762vw",
        "libelle": "valeur2 <- copieValeur1",
        "listeDonnes": [""],
        "listeResultats": [""],
        "enfants": []
      }
    ]
  },
  { "typeElement": "DictionnaireDonnee", "contenu": {} }
]
