[
  {
    "typeElement": "Probleme",
    "abscisse": "30.381526104417656vw",
    "ordonnee": "5.876362593230061vw",
    "libelle": "Échanger",
    "listeDonnes": ["valeur1", " valeur2\n\n"],
    "listeResultats": ["valeur1", " valeur2\n\n"],
    "enfants": [
      {
        "typeElement": "Probleme",
        "abscisse": "18.333333333333357vw",
        "ordonnee": "14.482214572575998vw",
        "libelle": "copieValeur1 <- valeur 1",
        "listeDonnes": [""],
        "listeResultats": [""],
        "enfants": []
      },
      {
        "typeElement": "Probleme",
        "abscisse": "30.20940906483078vw",
        "ordonnee": "14.367469879518099vw",
        "libelle": "valeur1 <- valeur2",
        "listeDonnes": [""],
        "listeResultats": [""],
        "enfants": []
      },
      {
        "typeElement": "Probleme",
        "abscisse": "41.626506024096386vw",
        "ordonnee": "14.424842226047032vw",
        "libelle": "valeur2 <- copieValeur1",
        "listeDonnes": [""],
        "listeResultats": [""],
        "enfants": []
      }
    ]
  }
]
