[{"typeElement":"Probleme","abscisse":"37.95557887373211vw","ordonnee":"6.19442987058412vw","libelle":"","listeDonnes":[""],"listeResultats":[""],"enfants":[{"typeElement":"StructureSwitch","abscisse":"37.91535501923756vw","ordonnee":"10.97656523259878vw","expressionATester":"expression","conditions":[{"typeElement":"Condition","libelle":"","enfants":[]},{"typeElement":"Condition","libelle":"","enfants":[]},{"typeElement":"Condition","libelle":"","enfants":[]}]}]},{"typeElement":"DictionnaireDonnee","contenu":{}}]