[{"typeElement":"Probleme","abscisse":"35.017488632388925vw","ordonnee":"6.299361664917803vw","libelle":"","listeDonnes":[""],"listeResultats":[""],"enfants":[{"typeElement":"StructureIterativeNonBornee","abscisse":"48.0237845400489vw","ordonnee":"11.997201818817757vw","enfants":[{"typeElement":"Probleme","abscisse":"42.257782441413106vw","ordonnee":"17.876836306400875vw","libelle":"","listeDonnes":[""],"listeResultats":[""],"enfants":[]},{"typeElement":"StructureSi","abscisse":"38.44805876180481vw","ordonnee":"17.62504372158099vw","conditions":[{"typeElement":"Condition","libelle":"conditionA","enfants":[{"typeElement":"ConditionSortie","abscisse":"41.44805876180483vw","ordonnee":"23.324589017138848vw"}]}]}]}]},{"typeElement":"DictionnaireDonnee","contenu":{}}]