[{"typeElement":"Probleme","abscisse":"30.050717033927917vw","ordonnee":"5.040180132913608vw","libelle":"","listeDonnes":[""],"listeResultats":[""],"enfants":[{"typeElement":"StructureIterativeNonBornee","abscisse":"43.0570129415879vw","ordonnee":"10.738020286813548vw","enfants":[{"typeElement":"Probleme","abscisse":"12.876880027981846vw","ordonnee":"16.232904861839852vw","libelle":"","listeDonnes":[""],"listeResultats":[""],"enfants":[]},{"typeElement":"StructureSi","abscisse":"40.02203567681006vw","ordonnee":"16.12102133613154vw","conditions":[{"typeElement":"Condition","libelle":"conditionA","enfants":[{"typeElement":"ConditionSortie","abscisse":"43.02203567681011vw","ordonnee":"21.260930395243093vw"}]}]},{"typeElement":"Probleme","abscisse":"43.796782091640445vw","ordonnee":"16.023041273172446vw","libelle":"","listeDonnes":[""],"listeResultats":[""],"enfants":[]}]}]},{"typeElement":"DictionnaireDonnee","contenu":{}}]