[{"typeElement":"Probleme","abscisse":"32.63903462749213vw","ordonnee":"6.12447534102833vw","libelle":"Parcours complet avec traitement systématique sur structure à accès direct","listeDonnes":["structureAccesDirect","\nborneDebut"," borneFin\n"],"listeResultats":[""],"enfants":[{"typeElement":"StructureIterativeBornee","abscisse":"45.61035327037427vw","ordonnee":"11.612451906260926vw","variableAIterer":"i","borneInferieure":"borneDebut","borneSuperieure":"borneFin","pas":"1","enfants":[{"typeElement":"Probleme","abscisse":"32.60405736271423vw","ordonnee":"17.212268275620843vw","libelle":"Traiter l'élément en position i dans structureAccesDirect","listeDonnes":[""],"listeResultats":[""],"enfants":[]}]}]},{"typeElement":"DictionnaireDonnee","contenu":{}}]